{"flutter":{"platforms":{"android":{"default":{"projectId":"sadakyatra-fd6de","appId":"1:264911707486:android:9df1e74e68c05f087803cf","fileOutput":"android/app/google-services.json"}},"ios":{"default":{"projectId":"sadakyatra-fd6de","appId":"1:264911707486:ios:88c2bf9cf1df6c7c7803cf","uploadDebugSymbols":false,"fileOutput":"ios/Runner/GoogleService-Info.plist"}},"macos":{"default":{"projectId":"sadakyatra-fd6de","appId":"1:264911707486:ios:88c2bf9cf1df6c7c7803cf","uploadDebugSymbols":false,"fileOutput":"macos/Runner/GoogleService-Info.plist"}},"dart":{"lib/firebase_options.dart":{"projectId":"sadakyatra-fd6de","configurations":{"android":"1:264911707486:android:9df1e74e68c05f087803cf","ios":"1:264911707486:ios:88c2bf9cf1df6c7c7803cf","macos":"1:264911707486:ios:88c2bf9cf1df6c7c7803cf","web":"1:264911707486:web:94390039d4bd0a9d7803cf","windows":"1:264911707486:web:2c2313b51e7c991b7803cf"}}}}}}